{"MedT F:oct15 P:oct17 (run_9)": [0.9953237771987915, 0.7809076905250549, 0.7940539121627808, 0.7576061487197876, 0.6412556171417236, 0.7530013918876648, 0.7163821458816528, 0.7439574003219604, 0.6505652666091919], "TransUNet F:oct15 P:oct17 (run_8)": [0.989518404006958, 0.6046005487442017, 0.8471875786781311, 0.6153433322906494, 0.4832935631275177, 0.6899222135543823, 0.7221848368644714, 0.7173675298690796, 0.8210467100143433], "TransUNet F:oct15 P:/ (run_6)": [0.9959902763366699, 0.8546549677848816, 0.8495291471481323, 0.740772545337677, 0.6400159001350403, 0.7834693789482117, 0.8317145705223083, 0.8211359977722168, 0.6422059535980225], "TransUNet F:oct15 P:oct15 (run_52)": [0.9948391914367676, 0.7774472236633301, 0.8361924290657043, 0.6981759667396545, 0.640678882598877, 0.734076738357544, 0.8158476948738098, 0.8416166305541992, 0.7652223110198975], "MedT F:oct15 P:oct15 (run_53)": [0.9958686232566833, 0.7699530720710754, 0.7427996397018433, 0.6292210221290588, 0.6123114824295044, 0.7349931001663208, 0.690326452255249, 0.7160999774932861, 0.6954436302185059], "MedT F:oct15 P:/ (run_54)": [0.9967859387397766, 0.7780013680458069, 0.7587488293647766, 0.626546323299408, 0.6282103657722473, 0.7949222326278687, 0.7535189986228943, 0.7714051604270935, 0.6933881640434265], "MedT F:oct15 P:oct15 per axis(run_55)": [0.9972273707389832, 0.8381399512290955, 0.8131000399589539, 0.6894015669822693, 0.5882592797279358, 0.70822674036026, 0.7262653708457947, 0.7505120635032654, 0.6324083805084229]}
